<?xml version="1.0" encoding="UTF-8"?>
<project-private xmlns="http://www.netbeans.org/ns/project-private/1">
    <editor-bookmarks xmlns="http://www.netbeans.org/ns/editor-bookmarks/2" lastBookmarkId="0"/>
    <open-files xmlns="http://www.netbeans.org/ns/projectui-open-files/2">
        <group>
            <file>file:/C:/Users/Windows/Desktop/Engenharia%20da%20Computação/8°%20Período/Sistemas%20Embarcados/Trabalho%20Final/Trabalho_Final_SiRGII.X/ad.h</file>
            <file>file:/C:/Users/Windows/Desktop/Engenharia%20da%20Computação/8°%20Período/Sistemas%20Embarcados/Trabalho%20Final/Trabalho_Final_SiRGII.X/Trabalho_Final_SiRGII.c</file>
            <file>file:/C:/Users/Windows/Desktop/Engenharia%20da%20Computação/8°%20Período/Sistemas%20Embarcados/Trabalho%20Final/Trabalho_Final_SiRGII.X/eeprom.c</file>
            <file>file:/C:/Users/Windows/Desktop/Engenharia%20da%20Computação/8°%20Período/Sistemas%20Embarcados/Trabalho%20Final/Trabalho_Final_SiRGII.X/display_LCD.c</file>
            <file>file:/C:/Users/Windows/Desktop/Engenharia%20da%20Computação/8°%20Período/Sistemas%20Embarcados/Trabalho%20Final/Trabalho_Final_SiRGII.X/eeprom.h</file>
        </group>
    </open-files>
</project-private>
